-- phpMyAdmin SQL Dump
-- version 5.2.0
-- https://www.phpmyadmin.net/
--
-- Host: 127.0.0.1
-- Generation Time: Dec 01, 2022 at 03:58 PM
-- Server version: 10.4.25-MariaDB
-- PHP Version: 8.1.10

SET SQL_MODE = "NO_AUTO_VALUE_ON_ZERO";
START TRANSACTION;
SET time_zone = "+00:00";


/*!40101 SET @OLD_CHARACTER_SET_CLIENT=@@CHARACTER_SET_CLIENT */;
/*!40101 SET @OLD_CHARACTER_SET_RESULTS=@@CHARACTER_SET_RESULTS */;
/*!40101 SET @OLD_COLLATION_CONNECTION=@@COLLATION_CONNECTION */;
/*!40101 SET NAMES utf8mb4 */;

--
-- Database: `futbol`
--
CREATE DATABASE IF NOT EXISTS `futbol` DEFAULT CHARACTER SET utf8mb4 COLLATE utf8mb4_general_ci;
USE `futbol`;

-- --------------------------------------------------------

--
-- Table structure for table `fase`
--

CREATE TABLE `fase` (
  `id` int(11) NOT NULL,
  `name` varchar(255) DEFAULT NULL
) ENGINE=InnoDB DEFAULT CHARSET=utf8mb4;

--
-- Dumping data for table `fase`
--

INSERT INTO `fase` (`id`, `name`) VALUES
(1, 'grupos'),
(2, 'octavos de final'),
(3, 'cuartos de final'),
(4, 'semifinal'),
(5, 'final');

-- --------------------------------------------------------

--
-- Table structure for table `favorite`
--

CREATE TABLE `favorite` (
  `id` int(11) NOT NULL,
  `user_id` int(11) DEFAULT NULL,
  `team_id` int(11) DEFAULT NULL
) ENGINE=InnoDB DEFAULT CHARSET=utf8mb4;

--
-- Dumping data for table `favorite`
--

INSERT INTO `favorite` (`id`, `user_id`, `team_id`) VALUES
(2, 1, 4),
(3, 1, 2);

-- --------------------------------------------------------

--
-- Table structure for table `games`
--

CREATE TABLE `games` (
  `id` int(11) NOT NULL,
  `first_team` int(11) DEFAULT NULL,
  `second_team` int(11) DEFAULT NULL,
  `first_team_goals` varchar(255) DEFAULT 'NULL',
  `second_team_goals` varchar(255) DEFAULT 'NULL',
  `play_date` datetime DEFAULT NULL,
  `fase_id` int(11) DEFAULT NULL
) ENGINE=InnoDB DEFAULT CHARSET=utf8mb4;

--
-- Dumping data for table `games`
--

INSERT INTO `games` (`id`, `first_team`, `second_team`, `first_team_goals`, `second_team_goals`, `play_date`, `fase_id`) VALUES
(1, 1, 2, '0', '2', '2022-11-20 11:00:00', 1),
(2, 5, 6, '6', '2', '2022-11-21 08:00:00', 1),
(3, 3, 4, '0', '2', '2022-11-21 11:00:00', 1),
(4, 7, 8, '1', '1', '2022-11-21 14:00:00', 1),
(5, 9, 10, '1', '2', '2022-11-22 05:00:00', 1),
(6, 15, 16, '0', '0', '2022-11-22 08:00:00', 1),
(7, 11, 12, '0', '0', '2022-11-22 11:00:00', 1),
(8, 13, 14, '4', '1', '2022-11-22 14:00:00', 1),
(9, 23, 24, '0', '0', '2022-11-23 05:00:00', 1),
(10, 19, 20, '1', '2', '2022-11-23 08:00:00', 1),
(11, 17, 18, '7', '0', '2022-11-23 11:00:00', 1),
(12, 21, 22, '1', '0', '2022-11-23 14:00:00', 1),
(13, 27, 28, '1', '0', '2022-11-24 05:00:00', 1),
(14, 31, 32, '0', '0', '2022-11-24 08:00:00', 1),
(15, 29, 30, '3', '2', '2022-11-24 11:00:00', 1),
(16, 25, 26, '2', '0', '2022-11-24 14:00:00', 1),
(17, 8, 6, '0', '2', '2022-11-25 05:00:00', 1),
(18, 1, 3, '1', '3', '2022-11-25 08:00:00', 1),
(19, 4, 2, '1', '1', '2022-11-25 11:00:00', 1),
(20, 5, 7, '0', '0', '2022-11-25 14:00:00', 1),
(21, 16, 14, '0', '1', '2022-11-26 05:00:00', 1),
(22, 12, 10, '2', '0', '2022-11-26 08:00:00', 1),
(23, 13, 15, '2', '1', '2022-11-26 11:00:00', 1),
(24, 9, 11, '2', '0', '2022-11-26 14:00:00', 1),
(25, 20, 18, '0', '1', '2022-11-27 05:00:00', 1),
(26, 21, 23, '0', '2', '2022-11-27 08:00:00', 1),
(27, 24, 22, '4', '1', '2022-11-27 11:00:00', 1),
(28, 17, 19, '1', '1', '2022-11-27 14:00:00', 1),
(29, 28, 26, '3', '3', '2022-11-28 05:00:00', 1),
(30, 32, 30, '2', '3', '2022-11-28 08:00:00', 1),
(31, 25, 27, '1', '0', '2022-11-28 11:00:00', 1),
(32, 29, 31, '2', '0', '2022-11-28 14:00:00', 1),
(33, 2, 3, '1', '2', '2022-11-29 10:00:00', 1),
(34, 4, 1, '2', '0', '2022-11-29 10:00:00', 1),
(35, 6, 7, '0', '1', '2022-11-29 14:00:00', 1),
(36, 8, 5, '0', '3', '2022-11-29 14:00:00', 1),
(37, 16, 13, '1', '0', '2022-11-30 10:00:00', 1),
(38, 14, 15, '1', '0', '2022-11-30 10:00:00', 1),
(39, 12, 9, '0', '2', '2022-11-30 14:00:00', 1),
(40, 10, 11, '1', '2', '2022-11-30 14:00:00', 1),
(41, 24, 21, '-', '-', '2022-12-01 10:00:00', 1),
(42, 22, 23, '-', '-', '2022-12-01 10:00:00', 1),
(43, 20, 17, '-', '-', '2022-12-01 14:00:00', 1),
(44, 18, 19, '-', '-', '2022-12-01 14:00:00', 1),
(45, 32, 29, '-', '-', '2022-12-02 10:00:00', 1),
(46, 30, 31, '-', '-', '2022-12-02 10:00:00', 1),
(47, 26, 27, '-', '-', '2022-12-02 14:00:00', 1),
(48, 28, 25, '-', '-', '2022-12-02 14:00:00', 1),
(49, 4, 7, '-', '-', '2022-12-03 10:00:00', 2),
(50, 9, 14, '-', '-', '2022-12-03 14:00:00', 2),
(51, 13, 12, '-', '-', '2022-12-04 10:00:00', 2),
(52, 5, 3, '-', '-', '2022-12-04 14:00:00', 2),
(53, NULL, NULL, NULL, NULL, '2022-12-05 10:00:00', 2),
(54, NULL, NULL, NULL, NULL, '2022-12-05 14:00:00', 2),
(55, NULL, NULL, NULL, NULL, '2022-12-06 10:00:00', 2),
(56, NULL, NULL, NULL, NULL, '2022-12-06 14:00:00', 2),
(57, NULL, NULL, '-', '-', '2022-12-09 10:00:00', 3),
(58, NULL, NULL, NULL, NULL, '2022-12-09 14:00:00', 3),
(59, NULL, NULL, '-', '-', '2022-12-10 10:00:00', 3),
(60, NULL, NULL, '-', '-', '2022-12-10 14:00:00', 3),
(61, NULL, NULL, '-', '-', '2022-12-13 14:00:00', 4),
(62, NULL, NULL, '-', '-', '2022-12-14 14:00:00', 4),
(63, NULL, NULL, '-', '-', '2022-12-18 10:00:00', 5);

-- --------------------------------------------------------

--
-- Stand-in structure for view `games_and_teams`
-- (See below for the actual view)
--
CREATE TABLE `games_and_teams` (
`id` int(11)
,`first_team` int(11)
,`second_team` int(11)
,`play_date` datetime
,`country` varchar(255)
);

-- --------------------------------------------------------

--
-- Table structure for table `history`
--

CREATE TABLE `history` (
  `id` int(11) NOT NULL,
  `team_id` int(11) DEFAULT NULL,
  `year` year(4) DEFAULT NULL,
  `place` varchar(255) DEFAULT NULL,
  `description` varchar(255) DEFAULT NULL
) ENGINE=InnoDB DEFAULT CHARSET=utf8mb4;

--
-- Dumping data for table `history`
--

INSERT INTO `history` (`id`, `team_id`, `year`, `place`, `description`) VALUES
(1, 1, 2022, 'Qatar', 'Primera participación'),
(2, 2, 2002, 'Corea y Japón', '24° '),
(3, 2, 2006, 'Alemania', '12° '),
(4, 2, 2014, 'Brasil', '17° '),
(5, 3, 2002, 'Corea y Japón', '7° '),
(6, 3, 2018, 'Rusia', '17° '),
(7, 4, 1934, 'Italia', '9° '),
(8, 4, 1938, 'Francia', '14° '),
(9, 4, 1974, 'Alemania', '2° '),
(10, 4, 1978, 'Argentina', '2° '),
(11, 4, 1990, 'Italia', '15° '),
(12, 4, 1994, 'Estados Unidos', '7° '),
(13, 4, 1998, 'Francia', '4° '),
(14, 4, 2006, 'Alemania', '11° '),
(15, 4, 2010, 'Sudáfrica', '2° '),
(16, 4, 2014, 'Brasil', '3° '),
(17, 5, 1930, 'Uruguay', '*'),
(18, 5, 1934, 'Italia', '*'),
(19, 5, 1938, 'Francia', '*'),
(20, 5, 1950, 'Brasil', '8°'),
(21, 5, 1954, 'Suiza', '7°'),
(22, 5, 1958, 'Suecia', '11°'),
(23, 5, 1962, 'Chile', '8°'),
(24, 5, 1966, 'Inglaterra', '1°'),
(25, 5, 1970, 'México', '8°'),
(26, 5, 1982, 'España', '6°'),
(27, 5, 1986, 'México', '8°'),
(28, 5, 1990, 'Italia', '4°'),
(29, 5, 1998, 'Francia', '9°'),
(30, 5, 2002, 'Corea y Japón', '6°'),
(31, 5, 2006, 'Alemania', '7°'),
(32, 5, 2010, 'Sudáfrica', '13°'),
(33, 5, 2014, 'Brasil', '26°'),
(34, 5, 2018, 'Rusia', '4°'),
(35, 6, 1930, 'Uruguay', '*'),
(36, 6, 1934, 'Italia', '*'),
(37, 6, 1938, 'Francia', '*'),
(38, 6, 1978, 'Argentina', '14°'),
(39, 6, 1998, 'Francia', '20°'),
(40, 6, 2006, 'Alemania', '25°'),
(41, 6, 2014, 'Brasil', '28°'),
(42, 6, 2018, 'Rusia', '18°'),
(43, 7, 1930, 'Uruguay ', '3°'),
(44, 7, 1934, 'Italia ', '16°'),
(45, 7, 1950, 'Brasil ', '10°'),
(46, 7, 1990, 'Italia', '23°'),
(47, 7, 1994, 'Estados Unidos ', '14°'),
(48, 7, 1998, 'Francia ', '32°'),
(49, 7, 2002, 'Corea y Japón', '8°'),
(50, 7, 2006, 'Alemania', '25°'),
(51, 7, 2010, 'Sudáfrica  ', '12°'),
(52, 7, 2014, 'Brasil', '15°'),
(53, 8, 1958, 'Suecia', '5°'),
(54, 9, 1930, 'Uruguay', '2°'),
(55, 9, 1934, 'Italia', '9°'),
(56, 9, 1958, 'Suecia', '13°'),
(57, 9, 1962, 'Chile', '10°'),
(58, 9, 1966, 'Inglaterra', '5°'),
(59, 9, 1974, 'Alemania', '8°'),
(60, 9, 1978, 'Argentina', 'Campeón'),
(61, 9, 1982, 'España', '11°'),
(62, 9, 1986, 'México', 'Campeón'),
(63, 9, 1990, 'Italia', '2°'),
(64, 9, 1994, 'Estados Unidos', '10°'),
(65, 9, 1998, 'Francia', '6°'),
(66, 9, 2002, 'Corea y Japón', '18°'),
(67, 9, 2006, 'Alemania', '6°'),
(68, 9, 2010, 'Sudáfrica', '5°'),
(69, 9, 2014, 'Brasil', '2°'),
(70, 9, 2018, 'Rusia', '16°'),
(71, 10, 1994, 'Estados Unidos', '12°'),
(72, 10, 1998, 'Francia', '28°'),
(73, 10, 2002, 'Corea y Japón', '32°'),
(74, 10, 2006, 'Alemania', '28°'),
(75, 10, 2018, 'Rusia', '26°'),
(76, 11, 1930, 'Uruguay', '13°'),
(77, 11, 1950, 'Brasil', '12°'),
(78, 11, 1954, 'Suiza', '13°'),
(79, 11, 1958, 'Suecia', '16°'),
(80, 11, 1962, 'Chile', '11°'),
(81, 11, 1966, 'Inglaterra', '12°'),
(82, 11, 1970, 'México', '6°'),
(83, 11, 1978, 'Argentina', '16°'),
(84, 11, 1986, 'México', '6°'),
(85, 11, 1994, 'Estados Unidos', '13°'),
(86, 11, 1998, 'Francia', '13°'),
(87, 11, 2002, 'Corea y Japón ', '11°'),
(88, 11, 2006, 'Alemania', '15°'),
(89, 11, 2010, 'Sudáfrica ', '14°'),
(90, 11, 2014, 'Brasil', '10°'),
(91, 11, 2018, 'Rusia', '12°'),
(92, 12, 1938, 'Francia', '11°'),
(93, 12, 1974, 'Alemania', '3°'),
(94, 12, 1978, 'Argentina', '5°'),
(95, 12, 1982, 'España', '3°'),
(96, 12, 1986, 'México', '14°'),
(97, 12, 2002, 'Corea y Japón', '25°'),
(98, 12, 2006, 'Alemania', '21°'),
(99, 12, 2018, 'Rusia', '25°'),
(100, 13, 1930, 'Uruguay', '7°'),
(101, 13, 1934, 'Italia', '9°'),
(102, 13, 1938, 'Francia', '6°'),
(103, 13, 1954, 'Suiza', '11°'),
(104, 13, 1958, 'Suecia', '3°'),
(105, 13, 1966, 'Inglaterra', '13°'),
(106, 13, 1978, 'Argentina', '12°'),
(107, 13, 1982, 'España', '4°'),
(108, 13, 1986, 'México', '3°'),
(109, 13, 1998, 'Francia', 'Campeón'),
(110, 13, 2002, 'Corea y Japón', '28°'),
(111, 13, 2006, 'Alemania', '2°'),
(112, 13, 2010, 'Sudáfrica', '29°'),
(113, 13, 2014, 'Brasil', '7°'),
(114, 13, 2018, 'Rusia', 'Campeón'),
(115, 14, 1974, 'Alemania', '14°'),
(116, 14, 2006, 'Alemania', '16°'),
(117, 14, 2010, 'Sudáfrica', '21°'),
(118, 14, 2014, 'Brasil', '30°'),
(119, 14, 2018, 'Rusia', '30°'),
(120, 15, 1986, 'México', '9°'),
(121, 15, 1998, 'Francia', '8°'),
(122, 15, 2002, 'Corea y Japón', '10°'),
(123, 15, 2010, 'Sudáfrica', '24°'),
(124, 15, 2018, 'Rusia', '11°'),
(125, 16, 1978, 'Argentina', '9°'),
(126, 16, 1998, 'Francia', '26°'),
(127, 16, 2002, 'Corea y Japón', '29°'),
(128, 16, 2006, 'Alemania', '24°'),
(129, 16, 2018, 'Rusia', '24°'),
(130, 17, 1934, 'Francia ', '5°'),
(131, 17, 1950, 'Brasil', '4°'),
(132, 17, 1962, 'Chile', '13°'),
(133, 17, 1966, 'Inglaterra', '10°'),
(134, 17, 1978, 'Argentina', '10°'),
(135, 17, 1982, 'España', '12°'),
(136, 17, 1986, 'México', '7°'),
(137, 17, 1990, 'Italia', '10°'),
(138, 17, 1994, 'Estados Unidos', '8°'),
(139, 17, 1998, 'Francia', '17°'),
(140, 17, 2002, 'Corea y Japón', '5°'),
(141, 17, 2006, 'Alemania', '9°'),
(142, 17, 2010, 'Sudáfrica', 'Campeón'),
(143, 17, 2014, 'Brasil', '23°'),
(144, 17, 2018, 'Rusia', '10°'),
(145, 18, 1990, 'Italia', '13°'),
(146, 18, 2002, 'Corea y Japón', '19°'),
(147, 18, 2006, 'Alemania', '31°'),
(148, 18, 2014, 'Brasil', '8°'),
(149, 18, 2018, 'Rusia', '29°'),
(150, 19, 1934, 'Italia', '3°'),
(151, 19, 1938, 'Francia', '10°'),
(152, 19, 1954, 'Suiza', 'Campeón'),
(153, 19, 1958, 'Suecia', '4°'),
(154, 19, 1962, 'Chile', '6°'),
(155, 19, 1966, 'Inglaterra', '2°'),
(156, 19, 1970, 'México', '3°'),
(157, 19, 1974, 'Alemania', 'Campeón'),
(158, 19, 1978, 'Argentina', '6°'),
(159, 19, 1982, 'España', '2°'),
(160, 19, 1986, 'México', '2°'),
(161, 19, 1990, 'Italia', 'Campeón'),
(162, 19, 1994, 'Estados Unidos', '5°'),
(163, 19, 1998, 'Francia', '7°'),
(164, 19, 2002, 'Corea y Japón', '2°'),
(165, 19, 2006, 'Alemania', '3°'),
(166, 19, 2010, 'Sudáfrica', '3°'),
(167, 19, 2014, 'Brasil', 'Campeón'),
(168, 19, 2018, 'Rusia', '22°'),
(169, 20, 1998, 'Francia', '31°'),
(170, 20, 2002, 'Corea y Japón', '9°'),
(171, 20, 2006, 'Alemania', '29°'),
(172, 20, 2010, 'Sudáfrica', '9°'),
(173, 20, 2014, 'Brasil', '29°'),
(174, 20, 2018, 'Rusia', '15°'),
(175, 21, 1930, 'Uruguay', '11°'),
(176, 21, 1934, 'Italia', '15°'),
(177, 21, 1938, 'Francia', '13°'),
(178, 21, 1954, 'Suiza', '12°'),
(179, 21, 1970, 'México', '10°'),
(180, 21, 1982, 'España', '10°'),
(181, 21, 1986, 'México', '4°'),
(182, 21, 1990, 'Italia', '11°'),
(183, 21, 1994, 'Estados Unidos', '11°'),
(184, 21, 1998, 'Francia', '19°'),
(185, 21, 2002, 'Corea y Japón', '14°'),
(186, 21, 2014, 'Brasil', '6°'),
(187, 21, 2018, 'Rusia', '3°'),
(188, 22, 1986, 'México', '24°'),
(189, 23, 1970, 'México', '14°'),
(190, 23, 1986, 'México', '11°'),
(191, 23, 1994, 'Estados Unidos', '23°'),
(192, 23, 1998, 'Francia', '18°'),
(193, 23, 2018, 'Rusia', '27°'),
(194, 24, 1998, 'Francia', '3°'),
(195, 24, 2002, 'Corea y Japón', '23°'),
(196, 24, 2006, 'Alemania', '22°'),
(197, 24, 2014, 'Brasil', '19°'),
(198, 24, 2018, 'Rusia', '2°'),
(199, 25, 1930, 'Uruguay', '6°'),
(200, 25, 1934, 'Italia', '14°'),
(201, 25, 1938, 'Francia', '3°'),
(202, 25, 1950, 'Brasil', '2°'),
(203, 25, 1954, 'Suiza', '5°'),
(204, 25, 1958, 'Suecia', 'Campeón'),
(205, 25, 1962, 'Chile', 'Campeón'),
(206, 25, 1966, 'Inglaterra', '11°'),
(207, 25, 1970, 'México', 'Campeón'),
(208, 25, 1974, 'Alemania', '4°'),
(209, 25, 1978, 'Argentina', '3°'),
(210, 25, 1982, 'España', '5°'),
(211, 25, 1986, 'México', '5°'),
(212, 25, 1990, 'Italia', '9°'),
(213, 25, 1994, 'Estados Unidos', 'Campeón'),
(214, 25, 1998, 'Francia', '2°'),
(215, 25, 2002, 'Corea y Japón', 'Campeón'),
(216, 25, 2006, 'Alemania', '5°'),
(217, 25, 2010, 'Sudáfrica', '6°'),
(218, 25, 2014, 'Brasil', '4°'),
(219, 25, 2018, 'Rusia', '6°'),
(220, 26, 1930, 'Uruguay', '4° (Reino de Yugoslavia)'),
(221, 26, 1950, 'Brasil', '5° (Yugoslavia)'),
(222, 26, 1954, 'Suiza', '7° (Yugoslavia)'),
(223, 26, 1958, 'Suecia', '5° (Yugoslavia)'),
(224, 26, 1962, 'Chile', '4° (Yugoslavia)'),
(225, 26, 1974, 'Alemania', '7° (Yugoslavia)'),
(226, 26, 1982, 'España', '16° (Yugoslavia)'),
(227, 26, 1990, 'Italia', '5° (Yugoslavia)'),
(228, 26, 1998, 'Francia', '10° (RF Yugoslavia)'),
(229, 26, 2006, 'Alemania', '32° (Serbia y Montenegro)'),
(230, 26, 2010, 'Sudáfrica', '23°'),
(231, 26, 2018, 'Rusia', '23°'),
(232, 27, 1934, 'Italia', '7°'),
(233, 27, 1938, 'Francia', '7°'),
(234, 27, 1950, 'Brasil', '6°'),
(235, 27, 1954, 'Suiza', '8°'),
(236, 27, 1962, 'Chile', '16°'),
(237, 27, 1966, 'Inglaterra', '16°'),
(238, 27, 1994, 'Estados Unidos', '16°'),
(239, 27, 2006, 'Alemania', '10°'),
(240, 27, 2010, 'Sudáfrica', '19°'),
(241, 27, 2014, 'Brasil', '11°'),
(242, 27, 2018, 'Rusia', '14°'),
(243, 28, 1982, 'España', '17°'),
(244, 28, 1990, 'Italia', '7°'),
(245, 28, 1994, 'Estados Unidos', '22°'),
(246, 28, 1998, 'Francia', '25°'),
(247, 28, 2002, 'Corea y Japón', '20°'),
(248, 28, 2010, 'Sudáfrica', '31°'),
(249, 28, 2014, 'Brasil', '32°'),
(250, 29, 1966, 'Inglaterra', '3°'),
(251, 29, 1986, 'México', '17°'),
(252, 29, 2002, 'Corea y Japón', '21°'),
(253, 29, 2006, 'Alemania', '4°'),
(254, 29, 2010, 'Sudáfrica', '11°'),
(255, 29, 2014, 'Brasil', '18°'),
(256, 29, 2018, 'Rusia', '13°'),
(257, 30, 2006, 'Alemania', '13°'),
(258, 30, 2010, 'Sudáfrica', '7°'),
(259, 30, 2014, 'Brasil', '25°'),
(260, 31, 1930, 'Uruguay', 'Campeón'),
(261, 31, 1950, 'Brasil', 'Campeón'),
(262, 31, 1954, 'Suiza', '4°'),
(263, 31, 1962, 'Chile', '13°'),
(264, 31, 1966, 'Inglaterra', '7°'),
(265, 31, 1970, 'México', '4°'),
(266, 31, 1974, 'Alemania', '13°'),
(267, 31, 1986, 'México', '16°'),
(268, 31, 1990, 'Italia', '16°'),
(269, 31, 2002, 'Corea y Japón', '26°'),
(270, 31, 2010, 'Sudáfrica', '4°'),
(271, 31, 2014, 'Brasil', '12°'),
(272, 31, 2018, 'Rusia', '5°'),
(273, 32, 1954, 'Suiza', '16°'),
(274, 32, 1986, 'México', '20°'),
(275, 32, 1990, 'Italia', '22°'),
(276, 32, 1994, 'Estados Unidos', '20°'),
(277, 32, 1998, 'Francia', '30°'),
(278, 32, 2002, 'Corea y Japón', '4°'),
(279, 32, 2006, 'Alemania', '17°'),
(280, 32, 2010, 'Sudáfrica', '15°'),
(281, 32, 2014, 'Brasil', '27°'),
(282, 32, 2018, 'Rusia', '19°');

-- --------------------------------------------------------

--
-- Table structure for table `players`
--

CREATE TABLE `players` (
  `id` int(11) NOT NULL,
  `full_name` varchar(255) NOT NULL,
  `player_number` int(11) NOT NULL,
  `team_id` int(11) DEFAULT NULL
) ENGINE=InnoDB DEFAULT CHARSET=utf8mb4;

--
-- Dumping data for table `players`
--

INSERT INTO `players` (`id`, `full_name`, `player_number`, `team_id`) VALUES
(1, 'Saad Al-Sheeb', 1, 1),
(2, 'Ró-Ró', 2, 1),
(3, 'Abdelkarim Hassan', 3, 1),
(4, 'Mohammed Waad', 4, 1),
(5, 'Tarek Salman', 5, 1),
(6, 'Abdulaziz Hatem', 6, 1),
(7, 'Ahmed Alaaeldin', 7, 1),
(8, 'Ali Assadalla', 8, 1),
(9, 'Mohammed Muntari', 9, 1),
(10, 'Hassan Al-Haydos  ', 10, 1),
(11, 'Akram Afif', 11, 1),
(12, 'Karim Boudiaf', 12, 1),
(13, 'Musab Kheder', 13, 1),
(14, 'Homam Ahmed', 14, 1),
(15, 'Bassam Al-Rawi', 15, 1),
(16, 'Boualem Khoukhi', 16, 1),
(17, 'Ismaeel Mohammad', 17, 1),
(18, 'Khalid Muneer', 18, 1),
(19, 'Almoez Ali', 19, 1),
(20, 'Salem Al-Hajri', 20, 1),
(21, 'Yousef Hassan', 21, 1),
(22, 'Meshaal Barsham', 22, 1),
(23, 'Assim Madibo', 23, 1),
(24, 'Naif Al-Hadhrami', 24, 1),
(25, 'Jassem Gaber', 25, 1),
(26, 'Mostafa Meshaal', 26, 1),
(27, 'Hernán Galíndez', 1, 2),
(28, 'Félix Torres', 2, 2),
(29, 'Piero Hincapié', 3, 2),
(30, 'Robert Arboleda', 4, 2),
(31, 'José Cifuentes', 5, 2),
(32, 'William Pacho', 6, 2),
(33, 'Pervis Estupiñán', 7, 2),
(34, 'Carlos Gruezo', 8, 2),
(35, 'Ayrton Preciado', 9, 2),
(36, 'Romario Ibarra', 10, 2),
(37, 'Michael Estrada', 11, 2),
(38, 'Moisés Ramírez', 12, 2),
(39, 'Enner Valencia  ', 13, 2),
(40, 'Xavier Arreaga', 14, 2),
(41, 'Ángel Mena', 15, 2),
(42, 'Jeremy Sarmiento', 16, 2),
(43, 'Ángelo Preciado', 17, 2),
(44, 'Diego Palacios', 18, 2),
(45, 'Gonzalo Plata', 19, 2),
(46, 'Sebas Méndez', 20, 2),
(47, 'Alan Franco', 21, 2),
(48, 'Alexander Domínguez', 22, 2),
(49, 'Moisés Caicedo', 23, 2),
(50, 'Djorkaeff Reasco', 24, 2),
(51, 'Jackson Porozo', 25, 2),
(52, 'Kevin Rodríguez', 26, 2),
(53, 'Seny Dieng', 1, 3),
(54, 'Formose Mendy', 2, 3),
(55, 'Kalidou Koulibaly  ', 3, 3),
(56, 'Pape Abou Cissé', 4, 3),
(57, 'Idrissa Gueye', 5, 3),
(58, 'Nampalys Mendy', 6, 3),
(59, 'Nicolas Jackson', 7, 3),
(60, 'Cheikhou Kouyaté', 8, 3),
(61, 'Boulaye Dia', 9, 3),
(62, 'Moussa N \' Diaye', 10, 3),
(63, 'Pathé Ciss', 11, 3),
(64, 'Fodé Ballo-Touré', 12, 3),
(65, 'Iliman Ndiaye', 13, 3),
(66, 'Ismail Jakobs', 14, 3),
(67, 'Krépin Diatta', 15, 3),
(68, 'Édouard Mendy', 16, 3),
(69, 'Pape Matar Sarr', 17, 3),
(70, 'Ismaïla Sarr', 18, 3),
(71, 'Famara Diédhiou', 19, 3),
(72, 'Bamba Dieng', 20, 3),
(73, 'Youssouf Sabaly', 21, 3),
(74, 'Abdou Diallo', 22, 3),
(75, 'Alfred Gomis', 23, 3),
(76, 'Moustapha Name', 24, 3),
(77, 'Mamadou Loum', 25, 3),
(78, 'Pape Gueye', 26, 3),
(79, 'Remko Pasveer', 1, 4),
(80, 'Jurriën Timber', 2, 4),
(81, 'Matthijs de Ligt', 3, 4),
(82, 'Virgil van Dijk  ', 4, 4),
(83, 'Nathan Aké', 5, 4),
(84, 'Stefan de Vrij', 6, 4),
(85, 'Steven Bergwijn', 7, 4),
(86, 'Cody Gakpo', 8, 4),
(87, 'Luuk de Jong', 9, 4),
(88, 'Memphis Depay', 10, 4),
(89, 'Steven Berghuis', 11, 4),
(90, 'Noa Lang', 12, 4),
(91, 'Justin Bijlow', 13, 4),
(92, 'Davy Klaassen', 14, 4),
(93, 'Marten de Roon', 15, 4),
(94, 'Tyrell Malacia', 16, 4),
(95, 'Daley Blind', 17, 4),
(96, 'Vincent Janssen', 18, 4),
(97, 'Wout Weghorst', 19, 4),
(98, 'Teun Koopmeiners', 20, 4),
(99, 'Frenkie de Jong', 21, 4),
(100, 'Denzel Dumfries', 22, 4),
(101, 'Andries Noppert', 23, 4),
(102, 'Kenneth Taylor', 24, 4),
(103, 'Xavi Simons', 25, 4),
(104, 'Jeremie Frimpong', 26, 4),
(105, 'Jordan Pickford', 1, 5),
(106, 'Kyle Walker', 2, 5),
(107, 'Luke Shaw', 3, 5),
(108, 'Declan Rice', 4, 5),
(109, 'John Stones', 5, 5),
(110, 'Harry Maguire', 6, 5),
(111, 'Jack Grealish', 7, 5),
(112, 'Jordan Henderson', 8, 5),
(113, 'Harry Kane  ', 9, 5),
(114, 'Raheem Sterling', 10, 5),
(115, 'Marcus Rashford', 11, 5),
(116, 'Kieran Trippier', 12, 5),
(117, 'Nick Pope', 13, 5),
(118, 'Kalvin Phillips', 14, 5),
(119, 'Eric Dier', 15, 5),
(120, 'Conor Coady', 16, 5),
(121, 'Bukayo Saka', 17, 5),
(122, 'Trent Alexander-Arnold', 18, 5),
(123, 'Mason Mount', 19, 5),
(124, 'Phil Foden', 20, 5),
(125, 'Ben White', 21, 5),
(126, 'Jude Bellingham', 22, 5),
(127, 'Aaron Ramsdale', 23, 5),
(128, 'Callum Wilson', 24, 5),
(129, 'James Maddison', 25, 5),
(130, 'Conor Gallagher', 26, 5),
(131, 'Alireza Beiranvand', 1, 6),
(132, 'Sadegh Moharrami', 2, 6),
(133, 'Ehsan Hajsafi  ', 3, 6),
(134, 'Shojae Khalilzadeh', 4, 6),
(135, 'Milad Mohammadi', 5, 6),
(136, 'Saeid Ezatolahi', 6, 6),
(137, 'Alireza Jahanbakhsh', 7, 6),
(138, 'Morteza Pouraliganji', 8, 6),
(139, 'Mehdi Taremi', 9, 6),
(140, 'Karim Ansarifard', 10, 6),
(141, 'Vahid Amiri', 11, 6),
(142, 'Payam Niazmand', 12, 6),
(143, 'Hossein Kanaanizadegan', 13, 6),
(144, 'Saman Ghoddos', 14, 6),
(145, 'Rouzbeh Cheshmi', 15, 6),
(146, 'Mehdi Torabi', 16, 6),
(147, 'Ali Gholizadeh', 17, 6),
(148, 'Ali Karimi', 18, 6),
(149, 'Majid Hosseini', 19, 6),
(150, 'Sardar Azmoun', 20, 6),
(151, 'Ahmad Nourollahi', 21, 6),
(152, 'Amir Abedzadeh', 22, 6),
(153, 'Ramin Rezaeian', 23, 6),
(154, 'Hossein Hosseini', 24, 6),
(155, 'Abolfazl Jalali', 25, 6),
(156, 'Matt Turner', 1, 7),
(157, 'Sergiño Dest', 2, 7),
(158, 'Walker Zimmerman', 3, 7),
(159, 'Tyler Adams  ', 4, 7),
(160, 'Antonee Robinson', 5, 7),
(161, 'Yunus Musah', 6, 7),
(162, 'Giovanni Reyna', 7, 7),
(163, 'Weston McKennie', 8, 7),
(164, 'Jesús Ferreira', 9, 7),
(165, 'Christian Pulisic', 10, 7),
(166, 'Brenden Aaronson', 11, 7),
(167, 'Ethan Horvath', 12, 7),
(168, 'Tim Ream', 13, 7),
(169, 'Luca de la Torre', 14, 7),
(170, 'Aaron Long', 15, 7),
(171, 'Jordan Morris', 16, 7),
(172, 'Cristian Roldan', 17, 7),
(173, 'Shaq Moore', 18, 7),
(174, 'Haji Wright', 19, 7),
(175, 'Cameron Carter-Vickers', 20, 7),
(176, 'Timothy Weah', 21, 7),
(177, 'DeAndre Yedlin', 22, 7),
(178, 'Kellyn Acosta', 23, 7),
(179, 'Josh Sargent', 24, 7),
(180, 'Sean Johnson', 25, 7),
(181, 'Joe Scally', 26, 7),
(182, 'Wayne Hennessey', 1, 8),
(183, 'Chris Gunter', 2, 8),
(184, 'Neco Williams', 3, 8),
(185, 'Ben Davies', 4, 8),
(186, 'Chris Mepham', 5, 8),
(187, 'Joe Rodon', 6, 8),
(188, 'Joe Allen', 7, 8),
(189, 'Harry Wilson', 8, 8),
(190, 'Brennan Johnson', 9, 8),
(191, 'Aaron Ramsey', 10, 8),
(192, 'Gareth Bale  ', 11, 8),
(193, 'Danny Ward', 12, 8),
(194, 'Kieffer Moore', 13, 8),
(195, 'Connor Roberts', 14, 8),
(196, 'Ethan Ampadu', 15, 8),
(197, 'Joe Morrell', 16, 8),
(198, 'Tom Lockyer', 17, 8),
(199, 'Jonny Williams', 18, 8),
(200, 'Mark Harris', 19, 8),
(201, 'Daniel James', 20, 8),
(202, 'Adam Davies', 21, 8),
(203, 'Sorba Thomas', 22, 8),
(204, 'Dylan Levitt', 23, 8),
(205, 'Ben Cabango', 24, 8),
(206, 'Rubin Colwill', 25, 8),
(207, 'Matthew Smith', 26, 8),
(208, 'Franco Armani', 1, 9),
(209, 'Juan Foyth', 2, 9),
(210, 'Nicolás Tagliafico', 3, 9),
(211, 'Gonzalo Montiel', 4, 9),
(212, 'Leandro Paredes', 5, 9),
(213, 'Germán Pezzella', 6, 9),
(214, 'Rodrigo De Paul', 7, 9),
(215, 'Marcos Acuña', 8, 9),
(216, 'Julián Álvarez', 9, 9),
(217, 'Lionel Messi  ', 10, 9),
(218, 'Ángel Di María', 11, 9),
(219, 'Gerónimo Rulli', 12, 9),
(220, 'Cristian Romero', 13, 9),
(221, 'Exequiel Palacios', 14, 9),
(222, 'Ángel Correa', 15, 9),
(223, 'Thiago Almada', 16, 9),
(224, 'Papu Gómez', 17, 9),
(225, 'Guido Rodríguez', 18, 9),
(226, 'Nicolás Otamendi', 19, 9),
(227, 'Alexis Mac Allister', 20, 9),
(228, 'Paulo Dybala', 21, 9),
(229, 'Lautaro Martínez', 22, 9),
(230, 'Emiliano Martínez', 23, 9),
(231, 'Enzo Fernández', 24, 9),
(232, 'Lisandro Martínez', 25, 9),
(233, 'Nahuel Molina', 26, 9),
(234, 'Mohammed Al-Rubaie', 1, 10),
(235, 'Sultan Al-Ghannam', 2, 10),
(236, 'Abdullah Madu', 3, 10),
(237, 'Abdulelah Al-Amri', 4, 10),
(238, 'Ali Al-Bulaihi', 5, 10),
(239, 'Mohammed Al-Breik', 6, 10),
(240, 'Salman Al-Faraj  ', 7, 10),
(241, 'Abdulellah Al-Malki', 8, 10),
(242, 'Firas Al-Buraikan', 9, 10),
(243, 'Salem Al-Dawsari', 10, 10),
(244, 'Saleh Al-Shehri', 11, 10),
(245, 'Saud Abdulhamid', 12, 10),
(246, 'Yasser Al-Shahrani', 13, 10),
(247, 'Abdullah Otayf', 14, 10),
(248, 'Ali Al-Hassan', 15, 10),
(249, 'Sami Al-Najei', 16, 10),
(250, 'Hassan Al-Tambakti', 17, 10),
(251, 'Nawaf Al-Abed', 18, 10),
(252, 'Hattan Bahebri', 19, 10),
(253, 'Abdulrahman Al-Aboud', 20, 10),
(254, 'Mohammed Al-Owais', 21, 10),
(255, 'Nawaf Al-Aqidi', 22, 10),
(256, 'Mohamed Kanno', 23, 10),
(257, 'Nasser Al-Dawsari', 24, 10),
(258, 'Haitham Asiri', 25, 10),
(259, 'Riyadh Sharahili', 26, 10),
(260, 'Alfredo Talavera', 1, 11),
(261, 'Néstor Araujo', 2, 11),
(262, 'César Montes', 3, 11),
(263, 'Edson Álvarez', 4, 11),
(264, 'Johan Vásquez', 5, 11),
(265, 'Gerardo Arteaga', 6, 11),
(266, 'Luis Romo', 7, 11),
(267, 'Carlos Rodríguez', 8, 11),
(268, 'Raúl Jiménez', 9, 11),
(269, 'Alexis Vega', 10, 11),
(270, 'Rogelio Funes Mori', 11, 11),
(271, 'Rodolfo Cota', 12, 11),
(272, 'Guillermo Ochoa', 13, 11),
(273, 'Érick Gutiérrez', 14, 11),
(274, 'Héctor Moreno', 15, 11),
(275, 'Héctor Herrera', 16, 11),
(276, 'Orbelín Pineda', 17, 11),
(277, 'Andrés Guardado  ', 18, 11),
(278, 'Jorge Sánchez', 19, 11),
(279, 'Henry Martín', 20, 11),
(280, 'Uriel Antuna', 21, 11),
(281, 'Hirving Lozano', 22, 11),
(282, 'Jesús Gallardo', 23, 11),
(283, 'Luis Chávez', 24, 11),
(284, 'Roberto Alvarado', 25, 11),
(285, 'Kevin Álvarez', 26, 11),
(286, 'Wojciech Szczęsny', 1, 12),
(287, 'Matty Cash', 2, 12),
(288, 'Artur Jędrzejczyk', 3, 12),
(289, 'Mateusz Wieteska', 4, 12),
(290, 'Jan Bednarek', 5, 12),
(291, 'Krystian Bielik', 6, 12),
(292, 'Arkadiusz Milik', 7, 12),
(293, 'Damian Szymański', 8, 12),
(294, 'Robert Lewandowski  ', 9, 12),
(295, 'Grzegorz Krychowiak', 10, 12),
(296, 'Kamil Grosicki', 11, 12),
(297, 'Łukasz Skorupski', 12, 12),
(298, 'Jakub Kamiński', 13, 12),
(299, 'Jakub Kiwior', 14, 12),
(300, 'Kamil Glik', 15, 12),
(301, 'Karol Świderski', 16, 12),
(302, 'Szymon Żurkowski', 17, 12),
(303, 'Bartosz Bereszyński', 18, 12),
(304, 'Sebastian Szymański', 19, 12),
(305, 'Piotr Zieliński', 20, 12),
(306, 'Nicola Zalewski', 21, 12),
(307, 'Kamil Grabara', 22, 12),
(308, 'Krzysztof Piątek', 23, 12),
(309, 'Przemysław Frankowski', 24, 12),
(310, 'Robert Gumny', 25, 12),
(311, 'Michał Skóraś', 26, 12),
(312, 'Hugo Lloris  ', 1, 13),
(313, 'Benjamin Pavard', 2, 13),
(314, 'Axel Disasi', 3, 13),
(315, 'Raphaël Varane', 4, 13),
(316, 'Jules Koundé', 5, 13),
(317, 'Matteo Guendouzi', 6, 13),
(318, 'Antoine Griezmann', 7, 13),
(319, 'Aurélien Tchouaméni', 8, 13),
(320, 'Olivier Giroud', 9, 13),
(321, 'Kylian Mbappé', 10, 13),
(322, 'Ousmane Dembélé', 11, 13),
(323, 'Randal Kolo Muani', 12, 13),
(324, 'Youssouf Fofana', 13, 13),
(325, 'Adrien Rabiot', 14, 13),
(326, 'Jordan Veretout', 15, 13),
(327, 'Steve Mandanda', 16, 13),
(328, 'William Saliba', 17, 13),
(329, 'Dayot Upamecano', 18, 13),
(330, 'Kingsley Coman', 20, 13),
(331, 'Lucas Hernandez', 21, 13),
(332, 'Theo Hernandez', 22, 13),
(333, 'Alphonse Areola', 23, 13),
(334, 'Ibrahima Konaté', 24, 13),
(335, 'Eduardo Camavinga', 25, 13),
(336, 'Marcus Thuram', 26, 13),
(337, 'Mathew Ryan  ', 1, 14),
(338, 'Miloš Degenek', 2, 14),
(339, 'Nathaniel Atkinson', 3, 14),
(340, 'Kye Rowles', 4, 14),
(341, 'Fran Karačić', 5, 14),
(342, 'Marco Tilio', 6, 14),
(343, 'Mathew Leckie', 7, 14),
(344, 'Bailey Wright', 8, 14),
(345, 'Jamie Maclaren', 9, 14),
(346, 'Ajdin Hrustic', 10, 14),
(347, 'Awer Mabil', 11, 14),
(348, 'Andrew Redmayne', 12, 14),
(349, 'Aaron Mooy', 13, 14),
(350, 'Riley McGree', 14, 14),
(351, 'Mitchell Duke', 15, 14),
(352, 'Aziz Behich', 16, 14),
(353, 'Cameron Devlin', 17, 14),
(354, 'Danny Vukovic', 18, 14),
(355, 'Harry Souttar', 19, 14),
(356, 'Thomas Deng', 20, 14),
(357, 'Garang Kuol', 21, 14),
(358, 'Jackson Irvine', 22, 14),
(359, 'Craig Goodwin', 23, 14),
(360, 'Joel King', 24, 14),
(361, 'Jason Cummings', 25, 14),
(362, 'Keanu Baccus', 26, 14),
(363, 'Kasper Schmeichel', 1, 15),
(364, 'Joachim Andersen', 2, 15),
(365, 'Victor Nelsson', 3, 15),
(366, 'Simon Kjær  ', 4, 15),
(367, 'Joakim Mæhle', 5, 15),
(368, 'Andreas Christensen', 6, 15),
(369, 'Mathias Jensen', 7, 15),
(370, 'Thomas Delaney', 8, 15),
(371, 'Martin Braithwaite', 9, 15),
(372, 'Christian Eriksen', 10, 15),
(373, 'Andreas Skov Olsen', 11, 15),
(374, 'Kasper Dolberg', 12, 15),
(375, 'Rasmus Kristensen', 13, 15),
(376, 'Mikkel Damsgaard', 14, 15),
(377, 'Christian Nørgaard', 15, 15),
(378, 'Oliver Christensen', 16, 15),
(379, 'Jens Stryger Larsen', 17, 15),
(380, 'Daniel Wass', 18, 15),
(381, 'Jonas Wind', 19, 15),
(382, 'Yussuf Poulsen', 20, 15),
(383, 'Andreas Cornelius', 21, 15),
(384, 'Frederik Rønnow', 22, 15),
(385, 'Pierre-Emile Højbjerg', 23, 15),
(386, 'Robert Skov', 24, 15),
(387, 'Jesper Lindstrøm', 25, 15),
(388, 'Alexander Bah', 26, 15),
(389, 'Aymen Mathlouthi', 1, 16),
(390, 'Bilel Ifa', 2, 16),
(391, 'Montassar Talbi', 3, 16),
(392, 'Yassine Meriah', 4, 16),
(393, 'Nader Ghandri', 5, 16),
(394, 'Dylan Bronn', 6, 16),
(395, 'Youssef Msakni  ', 7, 16),
(396, 'Hannibal Mejbri', 8, 16),
(397, 'Issam Jebali', 9, 16),
(398, 'Wahbi Khazri', 10, 16),
(399, 'Taha Yassine Khenissi', 11, 16),
(400, 'Ali Maâloul', 12, 16),
(401, 'Ferjani Sassi', 13, 16),
(402, 'Aïssa Laïdouni', 14, 16),
(403, 'Mohamed Ali Ben Romdhane', 15, 16),
(404, 'Aymen Dahmen', 16, 16),
(405, 'Ellyes Skhiri', 17, 16),
(406, 'Ghailene Chaalali', 18, 16),
(407, 'Seifeddine Jaziri', 19, 16),
(408, 'Mohamed Dräger', 20, 16),
(409, 'Wajdi Kechrida', 21, 16),
(410, 'Bechir Ben Saïd', 22, 16),
(411, 'Naïm Sliti', 23, 16),
(412, 'Ali Abdi', 24, 16),
(413, 'Anis Ben Slimane', 25, 16),
(414, 'Mouez Hassen', 26, 16),
(415, 'Robert Sánchez', 1, 17),
(416, 'César Azpilicueta', 2, 17),
(417, 'Eric García', 3, 17),
(418, 'Pau Torres', 4, 17),
(419, 'Sergio Busquets  ', 5, 17),
(420, 'Marcos Llorente', 6, 17),
(421, 'Álvaro Morata', 7, 17),
(422, 'Koke', 8, 17),
(423, 'Gavi', 9, 17),
(424, 'Marco Asensio', 10, 17),
(425, 'Ferran Torres', 11, 17),
(426, 'Nico Williams', 12, 17),
(427, 'David Raya', 13, 17),
(428, 'Alejandro Balde', 14, 17),
(429, 'Hugo Guillamón', 15, 17),
(430, 'Rodri', 16, 17),
(431, 'Yeremy Pino', 17, 17),
(432, 'Jordi Alba', 18, 17),
(433, 'Carlos Soler', 19, 17),
(434, 'Dani Carvajal', 20, 17),
(435, 'Dani Olmo', 21, 17),
(436, 'Pablo Sarabia', 22, 17),
(437, 'Unai Simón', 23, 17),
(438, 'Aymeric Laporte', 24, 17),
(439, 'Ansu Fati', 25, 17),
(440, 'Pedri', 26, 17),
(441, 'Keylor Navas', 1, 18),
(442, 'Daniel Chacón', 2, 18),
(443, 'Juan Pablo Vargas', 3, 18),
(444, 'Keysher Fuller', 4, 18),
(445, 'Celso Borges', 5, 18),
(446, 'Óscar Duarte', 6, 18),
(447, 'Anthony Contreras', 7, 18),
(448, 'Bryan Oviedo', 8, 18),
(449, 'Jewison Bennette', 9, 18),
(450, 'Bryan Ruiz  ', 10, 18),
(451, 'Johan Venegas', 11, 18),
(452, 'Joel Campbell', 12, 18),
(453, 'Gerson Torres', 13, 18),
(454, 'Youstin Salas', 14, 18),
(455, 'Francisco Calvo', 15, 18),
(456, 'Carlos Martínez', 16, 18),
(457, 'Yeltsin Tejeda', 17, 18),
(458, 'Esteban Alvarado', 18, 18),
(459, 'Kendall Waston', 19, 18),
(460, 'Brandon Aguilera', 20, 18),
(461, 'Douglas López', 21, 18),
(462, 'Rónald Matarrita', 22, 18),
(463, 'Patrick Sequeira', 23, 18),
(464, 'Roan Wilson', 24, 18),
(465, 'Anthony Hernández', 25, 18),
(466, 'Álvaro Zamora', 26, 18),
(467, 'Manuel Neuer  ', 1, 19),
(468, 'Antonio Rüdiger', 2, 19),
(469, 'David Raum', 3, 19),
(470, 'Matthias Ginter', 4, 19),
(471, 'Thilo Kehrer', 5, 19),
(472, 'Joshua Kimmich', 6, 19),
(473, 'Kai Havertz', 7, 19),
(474, 'Leon Goretzka', 8, 19),
(475, 'Niclas Füllkrug', 9, 19),
(476, 'Serge Gnabry', 10, 19),
(477, 'Mario Götze', 11, 19),
(478, 'Kevin Trapp', 12, 19),
(479, 'Thomas Müller', 13, 19),
(480, 'Jamal Musiala', 14, 19),
(481, 'Niklas Süle', 15, 19),
(482, 'Lukas Klostermann', 16, 19),
(483, 'Julian Brandt', 17, 19),
(484, 'Jonas Hofmann', 18, 19),
(485, 'Leroy Sané', 19, 19),
(486, 'Christian Günter', 20, 19),
(487, 'İlkay Gündoğan', 21, 19),
(488, 'Marc-André ter Stegen', 22, 19),
(489, 'Nico Schlotterbeck', 23, 19),
(490, 'Karim Adeyemi', 24, 19),
(491, 'Armel Bella-Kotchap', 25, 19),
(492, 'Youssoufa Moukoko', 26, 19),
(493, 'Eiji Kawashima', 1, 20),
(494, 'Miki Yamane', 2, 20),
(495, 'Shogo Taniguchi', 3, 20),
(496, 'Ko Itakura', 4, 20),
(497, 'Yuto Nagatomo', 5, 20),
(498, 'Wataru Endo', 6, 20),
(499, 'Gaku Shibasaki', 7, 20),
(500, 'Ritsu Dōan', 8, 20),
(501, 'Kaoru Mitoma', 9, 20),
(502, 'Takumi Minamino', 10, 20),
(503, 'Takefusa Kubo', 11, 20),
(504, 'Shūichi Gonda', 12, 20),
(505, 'Hidemasa Morita', 13, 20),
(506, 'Junya Ito', 14, 20),
(507, 'Daichi Kamada', 15, 20),
(508, 'Takehiro Tomiyasu', 16, 20),
(509, 'Ao Tanaka', 17, 20),
(510, 'Takuma Asano', 18, 20),
(511, 'Hiroki Sakai', 19, 20),
(512, 'Shuto Machino', 20, 20),
(513, 'Ayase Ueda', 21, 20),
(514, 'Maya Yoshida  ', 22, 20),
(515, 'Daniel Schmidt', 23, 20),
(516, 'Yuki Soma', 24, 20),
(517, 'Daizen Maeda', 25, 20),
(518, 'Hiroki Ito', 26, 20),
(519, 'Thibaut Courtois', 1, 21),
(520, 'Toby Alderweireld', 2, 21),
(521, 'Arthur Theate', 3, 21),
(522, 'Wout Faes', 4, 21),
(523, 'Jan Vertonghen', 5, 21),
(524, 'Axel Witsel', 6, 21),
(525, 'Kevin De Bruyne', 7, 21),
(526, 'Youri Tielemans', 8, 21),
(527, 'Romelu Lukaku', 9, 21),
(528, 'Eden Hazard  ', 10, 21),
(529, 'Yannick Carrasco', 11, 21),
(530, 'Simon Mignolet', 12, 21),
(531, 'Koen Casteels', 13, 21),
(532, 'Dries Mertens', 14, 21),
(533, 'Thomas Meunier', 15, 21),
(534, 'Thorgan Hazard', 16, 21),
(535, 'Leandro Trossard', 17, 21),
(536, 'Amadou Onana', 18, 21),
(537, 'Leander Dendoncker', 19, 21),
(538, 'Hans Vanaken', 20, 21),
(539, 'Timothy Castagne', 21, 21),
(540, 'Charles De Ketelaere', 22, 21),
(541, 'Michy Batshuayi', 23, 21),
(542, 'Loïs Openda', 24, 21),
(543, 'Jérémy Doku', 25, 21),
(544, 'Zeno Debast', 26, 21),
(545, 'Dayne St. Clair', 1, 22),
(546, 'Alistair Johnston', 2, 22),
(547, 'Sam Adekugbe', 3, 22),
(548, 'Kamal Miller', 4, 22),
(549, 'Steven Vitória', 5, 22),
(550, 'Samuel Piette', 6, 22),
(551, 'Stephen Eustáquio', 7, 22),
(552, 'Liam Fraser', 8, 22),
(553, 'Lucas Cavallini', 9, 22),
(554, 'Junior Hoilett', 10, 22),
(555, 'Tajon Buchanan', 11, 22),
(556, 'Iké Ugbo', 12, 22),
(557, 'Atiba Hutchinson  ', 13, 22),
(558, 'Mark-Anthony Kaye', 14, 22),
(559, 'Ismaël Koné', 15, 22),
(560, 'James Pantemis', 16, 22),
(561, 'Cyle Larin', 17, 22),
(562, 'Milan Borjan', 18, 22),
(563, 'Alphonso Davies', 19, 22),
(564, 'Jonathan David', 20, 22),
(565, 'Jonathan Osorio', 21, 22),
(566, 'Richie Laryea', 22, 22),
(567, 'Liam Millar', 23, 22),
(568, 'David Wotherspoon', 24, 22),
(569, 'Derek Cornelius', 25, 22),
(570, 'Joel Waterman', 26, 22),
(571, 'Yassine Bounou', 1, 23),
(572, 'Achraf Hakimi', 2, 23),
(573, 'Noussair Mazraoui', 3, 23),
(574, 'Sofyan Amrabat', 4, 23),
(575, 'Nayef Aguerd', 5, 23),
(576, 'Romain Saïss  ', 6, 23),
(577, 'Hakim Ziyech', 7, 23),
(578, 'Azzedine Ounahi', 8, 23),
(579, 'Abderrazak Hamdallah', 9, 23),
(580, 'Anass Zaroury', 10, 23),
(581, 'Abdelhamid Sabiri', 11, 23),
(582, 'Munir Mohamedi', 12, 23),
(583, 'Ilias Chair', 13, 23),
(584, 'Zakaria Aboukhlal', 14, 23),
(585, 'Selim Amallah', 15, 23),
(586, 'Abde Ezzalzouli', 16, 23),
(587, 'Sofiane Boufal', 17, 23),
(588, 'Jawad El Yamiq', 18, 23),
(589, 'Youssef En-Nesyri', 19, 23),
(590, 'Achraf Dari', 20, 23),
(591, 'Walid Cheddira', 21, 23),
(592, 'Ahmed Reda Tagnaouti', 22, 23),
(593, 'Bilal El Khannous', 23, 23),
(594, 'Badr Benoun', 24, 23),
(595, 'Yahia Attiyat Allah', 25, 23),
(596, 'Yahya Jabrane', 26, 23),
(597, 'Dominik Livaković', 1, 24),
(598, 'Josip Stanišić', 2, 24),
(599, 'Borna Barišić', 3, 24),
(600, 'Ivan Perišić', 4, 24),
(601, 'Martin Erlić', 5, 24),
(602, 'Dejan Lovren', 6, 24),
(603, 'Lovro Majer', 7, 24),
(604, 'Mateo Kovačić', 8, 24),
(605, 'Andrej Kramarić', 9, 24),
(606, 'Luka Modrić  ', 10, 24),
(607, 'Marcelo Brozović', 11, 24),
(608, 'Ivo Grbić', 12, 24),
(609, 'Nikola Vlašić', 13, 24),
(610, 'Marko Livaja', 14, 24),
(611, 'Mario Pašalić', 15, 24),
(612, 'Bruno Petković', 16, 24),
(613, 'Ante Budimir', 17, 24),
(614, 'Mislav Oršić', 18, 24),
(615, 'Borna Sosa', 19, 24),
(616, 'Joško Gvardiol', 20, 24),
(617, 'Domagoj Vida', 21, 24),
(618, 'Josip Juranović', 22, 24),
(619, 'Ivica Ivušić', 23, 24),
(620, 'Josip Šutalo', 24, 24),
(621, 'Luka Sučić', 25, 24),
(622, 'Kristijan Jakić', 26, 24),
(623, 'Alisson', 1, 25),
(624, 'Danilo', 2, 25),
(625, 'Thiago Silva  ', 3, 25),
(626, 'Marquinhos', 4, 25),
(627, 'Casemiro', 5, 25),
(628, 'Alex Sandro', 6, 25),
(629, 'Lucas Paquetá', 7, 25),
(630, 'Fred', 8, 25),
(631, 'Richarlison', 9, 25),
(632, 'Neymar', 10, 25),
(633, 'Raphinha', 11, 25),
(634, 'Weverton', 12, 25),
(635, 'Dani Alves', 13, 25),
(636, 'Éder Militão', 14, 25),
(637, 'Fabinho', 15, 25),
(638, 'Alex Telles', 16, 25),
(639, 'Bruno Guimarães', 17, 25),
(640, 'Gabriel Jesus', 18, 25),
(641, 'Antony', 19, 25),
(642, 'Vinícius Júnior', 20, 25),
(643, 'Rodrygo', 21, 25),
(644, 'Éverton Ribeiro', 22, 25),
(645, 'Ederson', 23, 25),
(646, 'Bremer', 24, 25),
(647, 'Pedro', 25, 25),
(648, 'Gabriel Martinelli', 26, 25),
(649, 'Marko Dmitrović', 1, 26),
(650, 'Strahinja Pavlović', 2, 26),
(651, 'Strahinja Eraković', 3, 26),
(652, 'Nikola Milenković', 4, 26),
(653, 'Miloš Veljković', 5, 26),
(654, 'Nemanja Maksimović', 6, 26),
(655, 'Nemanja Radonjić', 7, 26),
(656, 'Nemanja Gudelj', 8, 26),
(657, 'Aleksandar Mitrović', 9, 26),
(658, 'Dušan Tadić  ', 10, 26),
(659, 'Luka Jović', 11, 26),
(660, 'Predrag Rajković', 12, 26),
(661, 'Stefan Mitrović', 13, 26),
(662, 'Andrija Živković', 14, 26),
(663, 'Srđan Babić', 15, 26),
(664, 'Saša Lukić', 16, 26),
(665, 'Filip Kostić', 17, 26),
(666, 'Dušan Vlahović', 18, 26),
(667, 'Uroš Račić', 19, 26),
(668, 'Sergej Milinković-Savić', 20, 26),
(669, 'Filip Đuričić', 21, 26),
(670, 'Darko Lazović', 22, 26),
(671, 'Vanja Milinković-Savić', 23, 26),
(672, 'Ivan Ilić', 24, 26),
(673, 'Filip Mladenović', 25, 26),
(674, 'Marko Grujić', 26, 26),
(675, 'Yann Sommer', 1, 27),
(676, 'Edimilson Fernandes', 2, 27),
(677, 'Silvan Widmer', 3, 27),
(678, 'Nico Elvedi', 4, 27),
(679, 'Manuel Akanji', 5, 27),
(680, 'Denis Zakaria', 6, 27),
(681, 'Breel Embolo', 7, 27),
(682, 'Remo Freuler', 8, 27),
(683, 'Haris Seferovic', 9, 27),
(684, 'Granit Xhaka  ', 10, 27),
(685, 'Renato Steffen', 11, 27),
(686, 'Jonas Omlin', 12, 27),
(687, 'Ricardo Rodriguez', 13, 27),
(688, 'Michel Aebischer', 14, 27),
(689, 'Djibril Sow', 15, 27),
(690, 'Christian Fassnacht', 16, 27),
(691, 'Ruben Vargas', 17, 27),
(692, 'Eray Cömert', 18, 27),
(693, 'Noah Okafor', 19, 27),
(694, 'Fabian Frei', 20, 27),
(695, 'Gregor Kobel', 21, 27),
(696, 'Fabian Schär', 22, 27),
(697, 'Xherdan Shaqiri', 23, 27),
(698, 'Philipp Köhn', 24, 27),
(699, 'Fabian Rieder', 25, 27),
(700, 'Ardon Jashari', 26, 27),
(701, 'Simon Ngapandouetnbu', 1, 28),
(702, 'Jerome Ngom Mbekeli', 2, 28),
(703, 'Nicolas Nkoulou', 3, 28),
(704, 'Christopher Wooh', 4, 28),
(705, 'Gaël Ondoua', 5, 28),
(706, 'Moumi Ngamaleu', 6, 28),
(707, 'Georges-Kévin Nkoudou', 7, 28),
(708, 'André-Frank Zambo Anguissa', 8, 28),
(709, 'Jean-Pierre Nsame', 9, 28),
(710, 'Vincent Aboubakar  ', 10, 28),
(711, 'Christian Bassogog', 11, 28),
(712, 'Karl Toko Ekambi', 12, 28),
(713, 'Eric Maxim Choupo-Moting', 13, 28),
(714, 'Samuel Gouet', 14, 28),
(715, 'Pierre Kunde', 15, 28),
(716, 'Devis Epassy', 16, 28),
(717, 'Olivier Mbaizo', 17, 28),
(718, 'Martin Hongla', 18, 28),
(719, 'Collins Fai', 19, 28),
(720, 'Bryan Mbeumo', 20, 28),
(721, 'Jean-Charles Castelletto', 21, 28),
(722, 'Olivier Ntcham', 22, 28),
(723, 'André Onana', 23, 28),
(724, 'Enzo Ebosse', 24, 28),
(725, 'Nouhou Tolo', 25, 28),
(726, 'Souaibou Marou', 26, 28),
(727, 'Rui Patrício', 1, 29),
(728, 'Diogo Dalot', 2, 29),
(729, 'Pepe', 3, 29),
(730, 'Rúben Dias', 4, 29),
(731, 'Raphaël Guerreiro', 5, 29),
(732, 'João Palhinha', 6, 29),
(733, 'Cristiano Ronaldo  ', 7, 29),
(734, 'Bruno Fernandes', 8, 29),
(735, 'André Silva', 9, 29),
(736, 'Bernardo Silva', 10, 29),
(737, 'João Félix', 11, 29),
(738, 'José Sá', 12, 29),
(739, 'Danilo Pereira', 13, 29),
(740, 'William Carvalho', 14, 29),
(741, 'Rafael Leão', 15, 29),
(742, 'Vitinha', 16, 29),
(743, 'João Mário', 17, 29),
(744, 'Rúben Neves', 18, 29),
(745, 'Nuno Mendes', 19, 29),
(746, 'João Cancelo', 20, 29),
(747, 'Ricardo Horta', 21, 29),
(748, 'Diogo Costa', 22, 29),
(749, 'Matheus Nunes', 23, 29),
(750, 'António Silva', 24, 29),
(751, 'Otávio', 25, 29),
(752, 'Gonçalo Ramos', 26, 29),
(753, 'Lawrence Ati-Zigi', 1, 30),
(754, 'Tariq Lamptey', 2, 30),
(755, 'Denis Odoi', 3, 30),
(756, 'Mohammed Salisu', 4, 30),
(757, 'Thomas Partey', 5, 30),
(758, 'Elisha Owusu', 6, 30),
(759, 'Abdul Fatawu Issahaku', 7, 30),
(760, 'Daniel-Kofi Kyereh', 8, 30),
(761, 'Jordan Ayew', 9, 30),
(762, 'André Ayew  ', 10, 30),
(763, 'Osman Bukari', 11, 30),
(764, 'Ibrahim Danlad', 12, 30),
(765, 'Daniel Afriyie', 13, 30),
(766, 'Gideon Mensah', 14, 30),
(767, 'Joseph Aidoo', 15, 30),
(768, 'Abdul Manaf Nurudeen', 16, 30),
(769, 'Baba Rahman', 17, 30),
(770, 'Daniel Amartey', 18, 30),
(771, 'Iñaki Williams', 19, 30),
(772, 'Mohammed Kudus', 20, 30),
(773, 'Salis Abdul Samed', 21, 30),
(774, 'Kamaldeen Sulemana', 22, 30),
(775, 'Alexander Djiku', 23, 30),
(776, 'Kamal Sowah', 24, 30),
(777, 'Antoine Semenyo', 25, 30),
(778, 'Alidu Seidu', 26, 30),
(779, 'Fernando Muslera', 1, 31),
(780, 'José Giménez', 2, 31),
(781, 'Diego Godín  ', 3, 31),
(782, 'Ronald Araújo', 4, 31),
(783, 'Matías Vecino', 5, 31),
(784, 'Rodrigo Bentancur', 6, 31),
(785, 'Nicolás de la Cruz', 7, 31),
(786, 'Facundo Pellistri', 8, 31),
(787, 'Luis Suárez', 9, 31),
(788, 'Giorgian de Arrascaeta', 10, 31),
(789, 'Darwin Núñez', 11, 31),
(790, 'Sebastián Sosa', 12, 31),
(791, 'Guillermo Varela', 13, 31),
(792, 'Lucas Torreira', 14, 31),
(793, 'Federico Valverde', 15, 31),
(794, 'Mathías Olivera', 16, 31),
(795, 'Matías Viña', 17, 31),
(796, 'Maxi Gómez', 18, 31),
(797, 'Sebastián Coates', 19, 31),
(798, 'Facundo Torres', 20, 31),
(799, 'Edinson Cavani', 21, 31),
(800, 'Martín Cáceres', 22, 31),
(801, 'Sergio Rochet', 23, 31),
(802, 'Agustín Canobbio', 24, 31),
(803, 'Manuel Ugarte', 25, 31),
(804, 'José Luis Rodríguez', 26, 31),
(805, 'Kim Seung-gyu', 1, 32),
(806, 'Yoon Jong-gyu', 2, 32),
(807, 'Kim Jin-su', 3, 32),
(808, 'Kim Min-jae', 4, 32),
(809, 'Jung Woo-young', 5, 32),
(810, 'Hwang In-beom', 6, 32),
(811, 'Son Heung-min  ', 7, 32),
(812, 'Paik Seung-ho', 8, 32),
(813, 'Cho Gue-sung', 9, 32),
(814, 'Lee Jae-sung', 10, 32),
(815, 'Hwang Hee-chan', 11, 32),
(816, 'Song Bum-keun', 12, 32),
(817, 'Son Jun-ho', 13, 32),
(818, 'Hong Chul', 14, 32),
(819, 'Kim Moon-hwan', 15, 32),
(820, 'Hwang Ui-jo', 16, 32),
(821, 'Na Sang-ho', 17, 32),
(822, 'Lee Kang-in', 18, 32),
(823, 'Kim Young-gwon', 19, 32),
(824, 'Kwon Kyung-won', 20, 32),
(825, 'Jo Hyeon-woo', 21, 32),
(826, 'Kwon Chang-hoon', 22, 32),
(827, 'Kim Tae-hwan', 23, 32),
(828, 'Cho Yu-min', 24, 32),
(829, 'Jeong Woo-yeong', 25, 32),
(830, 'Song Min-kyu', 26, 32);

-- --------------------------------------------------------

--
-- Table structure for table `teams`
--

CREATE TABLE `teams` (
  `id` int(11) NOT NULL,
  `country` varchar(255) NOT NULL,
  `group` varchar(255) NOT NULL,
  `win` int(11) DEFAULT NULL,
  `draw` int(11) DEFAULT NULL,
  `loss` int(11) DEFAULT NULL,
  `goals_favor` int(11) DEFAULT NULL,
  `goals_againts` int(11) DEFAULT NULL
) ENGINE=InnoDB DEFAULT CHARSET=utf8mb4;

--
-- Dumping data for table `teams`
--

INSERT INTO `teams` (`id`, `country`, `group`, `win`, `draw`, `loss`, `goals_favor`, `goals_againts`) VALUES
(1, 'Qatar', 'A', 0, 0, 3, 1, 7),
(2, 'Ecuador', 'A', 1, 1, 1, 4, 3),
(3, 'Senegal', 'A', 2, 1, 1, 5, 4),
(4, 'Paises Bajos', 'A', 2, 2, 0, 5, 1),
(5, 'Inglaterra', 'B', 2, 2, 0, 9, 2),
(6, 'Iran', 'B', 1, 0, 2, 4, 7),
(7, 'Estados Unidos', 'B', 1, 3, 0, 2, 1),
(8, 'Gales', 'B', 0, 1, 2, 1, 6),
(9, 'Argentina', 'C', 2, 1, 1, 5, 2),
(10, 'Arabia Saudi', 'C', 1, 0, 2, 3, 5),
(11, 'Mexico', 'C', 1, 1, 1, 2, 3),
(12, 'Polonia', 'C', 1, 2, 1, 2, 2),
(13, 'Francia', 'D', 2, 1, 1, 6, 3),
(14, 'Australia', 'D', 2, 1, 1, 3, 4),
(15, 'Dinamarca', 'D', 0, 1, 2, 1, 3),
(16, 'Tunez', 'D', 1, 1, 1, 1, 1),
(17, 'España', 'E', 1, 2, 0, 8, 1),
(18, 'Costa Rica', 'E', 1, 1, 1, 1, 7),
(19, 'Alemania', 'E', 0, 2, 1, 2, 3),
(20, 'Japon', 'E', 1, 1, 1, 2, 2),
(21, 'Belgica', 'F', 1, 1, 1, 1, 2),
(22, 'Canada', 'F', 0, 1, 2, 1, 5),
(23, 'Marruecos', 'F', 1, 2, 0, 2, 0),
(24, 'Croacia', 'F', 1, 2, 0, 4, 1),
(25, 'Brasil', 'G', 2, 1, 0, 3, 0),
(26, 'Serbia', 'G', 0, 2, 1, 3, 5),
(27, 'Suiza', 'G', 1, 1, 1, 1, 1),
(28, 'Camerun', 'G', 0, 2, 1, 3, 4),
(29, 'Portugal', 'H', 2, 1, 0, 5, 2),
(30, 'Ghana', 'H', 1, 1, 1, 5, 5),
(31, 'Uruguay', 'H', 0, 2, 1, 0, 2),
(32, 'Corea del Sur', 'H', 0, 2, 1, 2, 3);

-- --------------------------------------------------------

--
-- Table structure for table `users`
--

CREATE TABLE `users` (
  `id` int(11) NOT NULL,
  `first_name` varchar(255) NOT NULL,
  `last_name` varchar(255) NOT NULL,
  `email` varchar(255) NOT NULL,
  `password` varchar(255) NOT NULL,
  `is_admin` tinyint(1) DEFAULT NULL
) ENGINE=InnoDB DEFAULT CHARSET=utf8mb4;

--
-- Dumping data for table `users`
--

INSERT INTO `users` (`id`, `first_name`, `last_name`, `email`, `password`, `is_admin`) VALUES
(1, 'correo', 'correo', 'correo@correo.com', '$2y$10$m8I9Eg5edSa6tzne5FxZXusSk5497qgMNH.16heYXbzowhrBEBktm', 1),
(2, 'cuenta', 'cuenta', 'cuenta@cuenta.com', '$2y$10$j5P2PZqPis0tQTeUg80abOXvqwt5VvgdMBaL8CB/APzu56SUrKdF2', 0);

-- --------------------------------------------------------

--
-- Structure for view `games_and_teams`
--
DROP TABLE IF EXISTS `games_and_teams`;

CREATE ALGORITHM=UNDEFINED DEFINER=`root`@`localhost` SQL SECURITY DEFINER VIEW `games_and_teams`  AS SELECT `g`.`id` AS `id`, `g`.`first_team` AS `first_team`, `g`.`second_team` AS `second_team`, `g`.`play_date` AS `play_date`, `t`.`country` AS `country` FROM (`games` `g` join `teams` `t` on(`g`.`first_team` = `t`.`id`))  ;

--
-- Indexes for dumped tables
--

--
-- Indexes for table `fase`
--
ALTER TABLE `fase`
  ADD PRIMARY KEY (`id`);

--
-- Indexes for table `favorite`
--
ALTER TABLE `favorite`
  ADD PRIMARY KEY (`id`),
  ADD KEY `fk_favorite_user_id` (`user_id`),
  ADD KEY `fk_favorite_team_id` (`team_id`);

--
-- Indexes for table `games`
--
ALTER TABLE `games`
  ADD PRIMARY KEY (`id`),
  ADD KEY `fk_games_first_team_id` (`first_team`),
  ADD KEY `fk_games_second_team_id` (`second_team`),
  ADD KEY `fk_games_fase` (`fase_id`);

--
-- Indexes for table `history`
--
ALTER TABLE `history`
  ADD PRIMARY KEY (`id`),
  ADD KEY `history_fk_team_id` (`team_id`);

--
-- Indexes for table `players`
--
ALTER TABLE `players`
  ADD PRIMARY KEY (`id`),
  ADD KEY `fk_players_team_id` (`team_id`);

--
-- Indexes for table `teams`
--
ALTER TABLE `teams`
  ADD PRIMARY KEY (`id`);

--
-- Indexes for table `users`
--
ALTER TABLE `users`
  ADD PRIMARY KEY (`id`);

--
-- AUTO_INCREMENT for dumped tables
--

--
-- AUTO_INCREMENT for table `fase`
--
ALTER TABLE `fase`
  MODIFY `id` int(11) NOT NULL AUTO_INCREMENT, AUTO_INCREMENT=6;

--
-- AUTO_INCREMENT for table `favorite`
--
ALTER TABLE `favorite`
  MODIFY `id` int(11) NOT NULL AUTO_INCREMENT, AUTO_INCREMENT=4;

--
-- AUTO_INCREMENT for table `games`
--
ALTER TABLE `games`
  MODIFY `id` int(11) NOT NULL AUTO_INCREMENT, AUTO_INCREMENT=64;

--
-- AUTO_INCREMENT for table `players`
--
ALTER TABLE `players`
  MODIFY `id` int(11) NOT NULL AUTO_INCREMENT, AUTO_INCREMENT=831;

--
-- AUTO_INCREMENT for table `teams`
--
ALTER TABLE `teams`
  MODIFY `id` int(11) NOT NULL AUTO_INCREMENT, AUTO_INCREMENT=33;

--
-- AUTO_INCREMENT for table `users`
--
ALTER TABLE `users`
  MODIFY `id` int(11) NOT NULL AUTO_INCREMENT, AUTO_INCREMENT=3;

--
-- Constraints for dumped tables
--

--
-- Constraints for table `favorite`
--
ALTER TABLE `favorite`
  ADD CONSTRAINT `fk_favorite_team_id` FOREIGN KEY (`team_id`) REFERENCES `teams` (`id`),
  ADD CONSTRAINT `fk_favorite_user_id` FOREIGN KEY (`user_id`) REFERENCES `users` (`id`);

--
-- Constraints for table `games`
--
ALTER TABLE `games`
  ADD CONSTRAINT `fk_games_fase` FOREIGN KEY (`fase_id`) REFERENCES `fase` (`id`),
  ADD CONSTRAINT `fk_games_first_team_id` FOREIGN KEY (`first_team`) REFERENCES `teams` (`id`),
  ADD CONSTRAINT `fk_games_second_team_id` FOREIGN KEY (`second_team`) REFERENCES `teams` (`id`);

--
-- Constraints for table `history`
--
ALTER TABLE `history`
  ADD CONSTRAINT `history_fk_team_id` FOREIGN KEY (`team_id`) REFERENCES `teams` (`id`);

--
-- Constraints for table `players`
--
ALTER TABLE `players`
  ADD CONSTRAINT `fk_players_team_id` FOREIGN KEY (`team_id`) REFERENCES `teams` (`id`);
COMMIT;

/*!40101 SET CHARACTER_SET_CLIENT=@OLD_CHARACTER_SET_CLIENT */;
/*!40101 SET CHARACTER_SET_RESULTS=@OLD_CHARACTER_SET_RESULTS */;
/*!40101 SET COLLATION_CONNECTION=@OLD_COLLATION_CONNECTION */;
